                  epoch,         train/box_loss,         train/cls_loss,         train/dfl_loss,   metrics/precision(B),      metrics/recall(B),       metrics/mAP50(B),    metrics/mAP50-95(B),           val/box_loss,           val/cls_loss,           val/dfl_loss,                 lr/pg0,                 lr/pg1,                 lr/pg2
                      1,                 2.1128,                 5.5133,                 1.2919,                0.00271,                0.86667,                0.01856,                0.00471,                 1.5141,                 4.7367,                 1.0116,               3.75e-05,               3.75e-05,               3.75e-05
                      2,                 1.6984,                  4.986,                 1.1981,                0.00318,                   0.95,                 0.0444,                0.01976,                 1.4895,                 4.4527,                 1.0118,             5.8625e-05,             5.8625e-05,             5.8625e-05
                      3,                 1.6432,                 4.8308,                 1.1848,                0.00346,                      1,                0.10142,                0.03988,                 1.3958,                 4.4284,                0.99497,              4.675e-05,              4.675e-05,              4.675e-05
